{"current":{"favicon":"shopify:\/\/shop_images\/Sundea_Muse_favicon.png","color_scheme":"scheme-2","instagram_logo":"<svg xmlns=\"http:\/\/www.w3.org\/2000\/svg\" width=\"13\" height=\"13\" viewbox=\"0 0 13 13\">\n                  <g><g><g><g><path d=\"M11.975 9.248a2.265 2.265 0 0 1-2.263 2.263H4.13a2.265 2.265 0 0 1-2.262-2.263V3.667A2.265 2.265 0 0 1 4.13 1.404h5.582a2.265 2.265 0 0 1 2.263 2.263zM4.131.348A3.324 3.324 0 0 0 .81 3.667v5.581c0 1.83 1.49 3.32 3.32 3.32h5.581c1.83 0 3.32-1.49 3.32-3.32V3.667c0-1.83-1.49-3.32-3.32-3.32z\"><\/path><\/g><\/g><g><g><path d=\"M6.922 8.373a1.916 1.916 0 0 1-1.914-1.914c0-1.057.858-1.915 1.914-1.915a1.916 1.916 0 0 1 0 3.829zm0-4.885a2.974 2.974 0 0 0-2.97 2.97 2.974 2.974 0 0 0 2.97 2.971 2.974 2.974 0 0 0 2.971-2.97 2.974 2.974 0 0 0-2.97-2.97z\"><\/path><\/g><\/g><g><g><path d=\"M9.312 3.318a.75.75 0 1 1 1.498 0 .75.75 0 0 1-1.498 0z\"><\/path><\/g><\/g><\/g><\/g>\n                <\/svg>","free_shipping_threshold":15000,"Free_gift_threshold":500,"gift_card_title":"Your Gift Card","recommendations":false,"sections":{"header":{"type":"header","blocks":{"mega_menu_8BE8jJ":{"type":"mega_menu","settings":{"mega_title":"New Arrivals","menu_first":"","menu_second":"","menu_third":"","menu_forth":"","menu_fifth":"","mega_collection":[]}},"mega_menu_njF4GA":{"type":"mega_menu","settings":{"mega_title":"Clothing","menu_first":"main-menu","menu_second":"clothing-mega-menu","menu_third":"clothing-mega-menu","menu_forth":"clothing-mega-menu","menu_fifth":"footer-sidemenu","mega_collection":["accessories","frontpage"]}},"mega_menu_fenHQc":{"type":"mega_menu","settings":{"mega_title":"Dresses","menu_first":"","menu_second":"","menu_third":"","menu_forth":"","menu_fifth":"","mega_collection":[]}},"mega_menu_VQ6FG4":{"type":"mega_menu","settings":{"mega_title":"Exclusive","menu_first":"","menu_second":"","menu_third":"","menu_forth":"","menu_fifth":"","mega_collection":[]}},"mega_menu_BHkGJt":{"type":"mega_menu","settings":{"mega_title":"Lookbooks","menu_first":"","menu_second":"","menu_third":"","menu_forth":"","menu_fifth":"","mega_collection":[]}},"mega_menu_4jzYdE":{"type":"mega_menu","settings":{"mega_title":"Accessories","menu_first":"","menu_second":"","menu_third":"","menu_forth":"","menu_fifth":"","mega_collection":[]}},"mega_menu_bkzDfW":{"type":"mega_menu","settings":{"mega_title":"Blogs","menu_first":"","menu_second":"","menu_third":"","menu_forth":"","menu_fifth":"","mega_collection":[]}},"mega_menu_H6xtH6":{"type":"mega_menu","settings":{"mega_title":"Articles","menu_first":"","menu_second":"","menu_third":"","menu_forth":"","menu_fifth":"","mega_collection":[]}},"mega_menu_i9AX4i":{"type":"mega_menu","settings":{"mega_title":"Pages","menu_first":"","menu_second":"","menu_third":"","menu_forth":"","menu_fifth":"","mega_collection":[]}},"mega_menu_DGBtGD":{"type":"mega_menu","settings":{"mega_title":"Back In Stock","menu_first":"","menu_second":"","menu_third":"","menu_forth":"","menu_fifth":"","mega_collection":[]}},"mega_menu_qpXaKx":{"type":"mega_menu","settings":{"mega_title":"Sale","menu_first":"","menu_second":"","menu_third":"","menu_forth":"","menu_fifth":"","mega_collection":[]}},"mega_menu_MhNyfC":{"type":"mega_menu","settings":{"mega_title":"About Us","menu_first":"","menu_second":"","menu_third":"","menu_forth":"","menu_fifth":"","mega_collection":["all-lilies","frontpage"]}}},"block_order":["mega_menu_8BE8jJ","mega_menu_njF4GA","mega_menu_fenHQc","mega_menu_VQ6FG4","mega_menu_BHkGJt","mega_menu_4jzYdE","mega_menu_bkzDfW","mega_menu_H6xtH6","mega_menu_i9AX4i","mega_menu_DGBtGD","mega_menu_qpXaKx","mega_menu_MhNyfC"],"settings":{"announcement-bar":"Free shipping on all domestic orders","main_menu":"main-menu","mobile_menu":"main-menu","header-logo-2":"<svg xmlns=\"http:\/\/www.w3.org\/2000\/svg\" width=\"253\" height=\"30\" viewbox=\"0 0 253 30\"><g><g><g><path d=\"M44.837 28.265l.212-.044c.342-.555.512-2.43.51-5.625V6.946a37.166 37.166 0 0 0-.212-4.478 3.985 3.985 0 0 0-.298-1.194h-.212v-.247h3.838l15.69 21.781V6.947a36.289 36.289 0 0 0-.205-4.479 6.218 6.218 0 0 0-.168-.938l-.13-.256h-.171v-.247h2.944v.257l-.216.044c-.04.041-.04.168-.082.213a7.719 7.719 0 0 0-.216.938 39.41 39.41 0 0 0-.167 4.478V29.21h-1.28l-.045-.082L47.042 4.814v17.782c-.006 1.495.066 2.99.215 4.478.032.316.088.63.168.938l.13.257h.212v.253h-2.94z\"><\/path><\/g><g><path d=\"M17.273 2.328a.586.586 0 0 1 .308.22v2.245h-.616c-.281-.532-.672-.999-1.147-1.37-1.01-.835-1.712-1.01-3.17-1.496a10.726 10.726 0 0 0-3.126-.616C6.047 1.315 3.58 3.766 3.58 7.303c0 2.245 2.687 4.621 7.75 6.207 5.585 1.807 7.838 5.108 7.838 7.97 0 2.51-.884 4.402-2.596 5.765-1.711 1.363-3.834 1.982-6.344 1.982A25.362 25.362 0 0 1 .85 27.29c-.219-.09-.308-.175-.308-.22a.472.472 0 0 1-.044-.397l.044-.342v-1.506h.623a3.53 3.53 0 0 0 1.763 1.804 15.96 15.96 0 0 0 6.505 1.63l.175.044h.133c3.742 0 6.56-1.849 6.56-5.502 0-2.424-2.599-4.978-7.874-6.693C3.007 14.38.823 11.264.823 8.58c0-2.599.821-4.578 2.492-6.033C4.985 1.092 7.102.39 9.7.39c1.849 0 4.359.661 7.573 1.938z\"><\/path><\/g><g><path d=\"M229.023 2.328a.56.56 0 0 1 .305.22v2.245h-.613c-.28-.532-.672-.999-1.147-1.37-1.027-.835-1.711-1.01-3.17-1.496a10.726 10.726 0 0 0-3.125-.616c-3.479 0-5.944 2.465-5.944 5.988 0 2.246 2.688 4.622 7.751 6.207 5.59 1.808 7.833 5.108 7.833 7.97 0 2.51-.88 4.403-2.595 5.766-1.715 1.362-3.83 1.985-6.33 1.985a25.362 25.362 0 0 1-9.377-1.937c-.22-.09-.308-.175-.308-.22a.473.473 0 0 1-.045-.397l.045-.342v-1.506h.616c.345.797.971 1.439 1.76 1.804a15.992 15.992 0 0 0 6.504 1.63l.175.044h.134c3.742 0 6.56-1.849 6.56-5.502 0-2.424-2.6-4.978-7.875-6.693-5.416-1.712-7.618-4.844-7.618-7.532 0-2.598.836-4.577 2.51-6.032s3.786-2.157 6.385-2.157c1.845.003 4.355.664 7.57 1.941z\"><\/path><\/g><g><path d=\"M183.222 22.671l-.838-18.145v-.897c0-1.657.089-2.688.263-3.18l.09-.179h.222V0h-4.194l-9.312 24.376L158.73 0h-3.307v.27h.174c.045.045.045.134.09.134.065.203.11.411.133.623.101.983.144 1.97.13 2.958v.897c0 .134-.22 6.094-.66 17.803-.134 2.287-.11 3.037 0 4.04a3.26 3.26 0 0 0 1.437 2.187h2.195s-1.805-1.283-1.948-2.19c-.168-1.048-.13-1.076-.13-2.777 0-.853 0-1.48.044-1.883l.616-16.355 10.24 23.435h3.359c-1.685-1.435-.47-3.965-.47-3.965l8.276-20.884.417 15.824s.154 3.57.284 4.482c.151 1.064.884 3.177 2.079 4.34h4.272a9.33 9.33 0 0 1-2.739-6.268z\"><\/path><\/g><g><path d=\"M88.515 5.515c1.986 2.517 3.003 5.65 3.003 9.357 0 6.046-2.74 13.28-9.665 13.236h-6.354V1.678h4.676c3.574.002 6.354 1.281 8.34 3.837zm3.133 19.683c2.427-2.602 3.618-6.046 3.629-10.326 0-4.413-1.455-7.898-4.28-10.414C88.173 1.94 84.554.66 80.185.66h-9.178v.267h.222c.229.481.335 1.012.308 1.544.153 1.436.226 2.88.22 4.324V22.99c0 3.221-.185 5.162-.528 5.871h-.222v.264h10.846c4.105 0 7.37-1.325 9.795-3.927z\"><\/path><\/g><g><path d=\"M111.785 18.799h-9.709l4.636-13.592zm-12.937 4.9c-.838 2.469-1.544 4.1-2.12 4.895l-.089.044-.089.09c0 .044-.044.089-.085.133l-.178.041v.223h3.396v-.223l-.22-.041a.164.164 0 0 1-.044-.133v-.179c0-.527.223-1.63.706-3.307.263-1.068.794-2.913 1.633-5.519h10.37c.133.442.352 1.062.664 1.812.216.474.407.96.572 1.455.53 1.458.883 2.56 1.102 3.31.25.712.398 1.455.442 2.208v.22c0 .044 0 .089-.045.089l-.263.085v.223h5.693v-.223l-.178-.041-.13-.133-.134-.179c-.571-.75-1.191-2.115-1.94-4.057L108.378 0h-1.325z\"><\/path><\/g><g><path d=\"M123.474.928V.66h17.21v2.252h-.664v-.311c-.13-.66-2.557-1.027-7.19-1.027h-4.81V14.52h1.674c1.9 0 3.4-.045 4.591-.09 1.986-.178 2.955-.342 2.955-.575l-.041-.085h.705v2.557h-.705l.041-.089c.134-.308-.794-.53-2.825-.616-1.102-.09-2.69-.134-4.72-.134h-1.675v12.709h5.074a46.434 46.434 0 0 0 5.382-.264c1.458-.219 2.164-.53 2.03-.969l-.044-.089h.708v.09c-.178 1.026-.311 1.673-.342 2.054v.089h-17.354v-.247h.219c.342-.397.53-2.338.53-5.871V6.796c0-3.003-.133-4.855-.441-5.605a1.635 1.635 0 0 0-.09-.263z\"><\/path><\/g><g><path d=\"M234.474.928V.66h17.21v2.252h-.664v-.311c-.13-.66-2.557-1.027-7.19-1.027h-4.793V14.52h1.678c1.897 0 3.4-.045 4.591-.09 1.986-.178 2.955-.342 2.955-.575l-.045-.085h.709v2.557h-.709l.045-.089c.133-.308-.795-.53-2.825-.616-1.102-.09-2.69-.134-4.72-.134h-1.678v12.709h5.077a46.474 46.474 0 0 0 5.382-.264c1.458-.219 2.163-.53 2.03-.969l-.045-.089h.706v.09c-.175 1.026-.309 1.673-.343 2.054v.089h-17.371v-.247h.219c.342-.397.53-2.338.53-5.871V6.796c0-3.003-.133-4.855-.441-5.605a1.625 1.625 0 0 0-.089-.263z\"><\/path><\/g><g><path d=\"M188.615 21.538V.654h2.865v19.809a8.56 8.56 0 0 0 1.027 3.766c.428.759.964 1.45 1.592 2.054a7.927 7.927 0 0 0 2.246 1.554c.726.357 1.52.553 2.328.576h5.65V.66h2.865v28.683h-8.505l-1.677-.117c-2.664-.347-4.648-1.124-5.954-2.331-1.305-1.208-2.118-2.994-2.437-5.358z\"><\/path><\/g><g><path d=\"M22.71 21.538V.654h2.866v19.809c.049 1.317.4 2.606 1.027 3.766.427.759.964 1.45 1.592 2.054a7.926 7.926 0 0 0 2.245 1.554 5.636 5.636 0 0 0 2.335.579h5.65V.661h2.865v28.683h-8.511l-1.678-.117c-2.663-.347-4.648-1.124-5.953-2.331-1.306-1.208-2.118-2.994-2.438-5.358z\"><\/path><\/g><\/g><\/g><\/svg>","instagram":"Follow Us","countdown":true,"ctdn_headline":"<p>Hurry up!! The Sale is ending by:<\/p>","ctdn_year":2025,"ctdn_month":8,"ctdn_date":10,"ctdn-date":"10\/08\/2025 1:00 PM"}},"hero-section":{"type":"hero-section","settings":{"hero-image":"shopify:\/\/shop_images\/banner-image-1.jpg","mob_img":"shopify:\/\/shop_images\/mob-image.webp","slider_image_1":"shopify:\/\/shop_images\/slide-one.jpg","slider_image_2":"shopify:\/\/shop_images\/slide-two.jpg","slider_image_3":"shopify:\/\/shop_images\/ab-img-4_e3ad0312-7f0f-4712-8fe0-e4ab0cf91eab.png","slider_image_4":"shopify:\/\/shop_images\/insta-img-6.png"}},"footer":{"type":"footer","settings":{"newsletter_heading":"Subscribe To Our Newsletter"}},"new-arrival":{"type":"new-arrival","settings":{}},"trending-now":{"type":"trending-now","settings":{"section_name":"Trending Right Now"}},"reward":{"type":"reward","settings":{"reward_image":"shopify:\/\/shop_images\/ab-img-3.png","smiley":"shopify:\/\/shop_images\/smile_icon_5b1c1eb2-7d31-4324-a04f-3bcb3f361aff.svg","circle":"shopify:\/\/shop_images\/round-shape.svg","reward_title":"<h1><strong>Sundea Muse Rewards<\/strong><\/h1>","description_reward":"Become a muse and you’ll get access to exclusive offers, sales, discounts, and early access to giveaways!","login":"Log In","linktobutton":"<p>&lt;a&gt;#&lt;\/a&gt;<\/p>","join_button":"join the club","linktobutton_":"<p>#<\/p>"}},"newsletter":{"type":"newsletter","settings":{}},"shop-now":{"type":"shop-now","settings":{"shop_all_title":"<h2>Shop All<\/h2>"}},"shop-insta":{"type":"shop-insta","settings":{}}},"content_for_index":[],"blocks":{"4139971114690857691":{"type":"shopify:\/\/apps\/swish-formerly-wishlist-king\/blocks\/wishlist-button-collection\/194f5011-a43c-4b22-b12e-eaf20dc4506a","disabled":true,"settings":{"button_style":"solid_accent_1","button_placement":"bottom-end","button_offset_horizontal":0,"button_offset_vertical":0,"button_background_opacity":85,"button_background_size":34,"button_background_border_radius":24,"button_border_width":1,"show_shadow":false,"icon_size":18,"icon_stroke_width":1,"app_integration_preset":"none","product_link_selector":".product-card .product-content .wishlist","floating_reference_js":""}},"14197025361042770389":{"type":"shopify:\/\/apps\/swish-formerly-wishlist-king\/blocks\/app-settings-main\/194f5011-a43c-4b22-b12e-eaf20dc4506a","disabled":true,"settings":{"theme_preset":"custom","color_accent_1":"#000000","color_accent_2":"#000000","color_solid_button_label":"#FFFFFF","color_outline_button_label":"#000000","color_background_1":"#FFFFFF","color_background_2":"#FFFFFF","color_text":"#000000","button_min_height":45,"button_border_width":1,"button_border_radius":0,"input_min_height":45,"input_border_width":1,"input_border_radius":0,"shadow_opacity":15,"shadow_horizontal_offset":0,"shadow_vertical_offset":2,"shadow_blur":4,"font_text_scale":100,"access_mode":"UNRESTRICTED","wishlist_mode":"PRODUCT","wishlist_path":"\/apps\/wishlist","money_show_currency_code":true}},"10274264662263595587":{"type":"shopify:\/\/apps\/wishlist-plus\/blocks\/wishlist-collections-embed\/80c3b1fc-3a8f-407e-8367-ffdeebb8b612","disabled":true,"settings":{"swym_collections_icon_type":"heart","swym_collections_position":"top-right","swym_collections_vertical_offset":0,"swym_collections_horizontal_offset":0,"swym_collections_button_size":22,"swym_collections_icon_color":"#000000","swym_collections_product_link_selector":"","swym_collections_product_tile_selector":"","enable_variant_selector":false,"swym_add_to_wishlist_title_color":"#333333","swym_variant_selector_font_size_1":14,"swym_variant_selector_popup_bg_color":"#ffffff","swym_variant_selector_section_heading_color":"#000000","swym_variant_selector_section_heading_font_size_2":12,"swym_variant_selector_choose_create_text":"Choose or Create new Wishlist","swym_variant_selector_wishlist_btn_bg_color":"#292929","swym_variant_selector_wishlist_btn_color":"#ffffff","swym_variant_selector_product_detail_font_color":"#ffffff","swym_variant_selector_create_list_placeholder_text":"Enter wishlist name","swym_variant_selector_create_list_title":"Name Your Wishlist"}},"4697538150380142411":{"type":"shopify:\/\/apps\/stamped-reviews\/blocks\/reviews-popup\/a103faaf-2125-4b0e-89fa-de5149736723","disabled":true,"settings":{"layout":"horizontal","effect":"slidetop","delay_seconds":3,"show_seconds":10,"pause_seconds":10,"position":"bottomleft","color_background":"","color_star":"","color_text":"","review_ids":"","product_ids":"","category":"","product_brand":"","tags":"","min_rating":"none","fill_empty":false,"random":false,"with_photos":false}},"1575957009345749421":{"type":"shopify:\/\/apps\/stamped-reviews\/blocks\/side-drawer\/a103faaf-2125-4b0e-89fa-de5149736723","disabled":true,"settings":{"show_avatar":true,"position":"left","text":"","title":"","link":"","link_text":"","background_color":"","style_color_button_text":"","style_color_star":"","style_color_text":"","style_color_link":"","review_ids":"","product_ids":"","category":"","product_brand":"","tags":"","min_rating":"none","fill_empty":false,"random":false,"with_photos":false}},"7612553728132747764":{"type":"shopify:\/\/apps\/stamped-reviews\/blocks\/net-promoter-score-form-modal\/a103faaf-2125-4b0e-89fa-de5149736723","disabled":true,"settings":{"email":"","name":"","title":"","message":"Enable advanced features and increase your monthly order limit to match your business's needs.","reason":"","thank_you":"","label_name":"","label_email":""}},"733389323033596483":{"type":"shopify:\/\/apps\/okendo\/blocks\/theme-settings\/bb689e69-ea70-4661-8fb7-ad24a2e23c29","disabled":true,"settings":{"show_preview_data":true}},"5439026248262864547":{"type":"shopify:\/\/apps\/preorder-globo\/blocks\/app-embed\/e547a0ad-8212-4bcc-b02f-761faa9b8af2","disabled":true,"settings":{}},"11532412952436166569":{"type":"shopify:\/\/apps\/loox-reviews\/blocks\/loox-inject\/5c3b337f-fd14-4df5-b1d6-80ec13e6e28e","disabled":true,"settings":{}},"14060646107696862457":{"type":"shopify:\/\/apps\/judge-me-reviews\/blocks\/judgeme_core\/61ccd3b1-a9f2-4160-9fe9-4fec8413e5d8","disabled":true,"settings":{}},"5946647744298494267":{"type":"shopify:\/\/apps\/wishlist-plus\/blocks\/wishlist-app-embed\/80c3b1fc-3a8f-407e-8367-ffdeebb8b612","disabled":true,"settings":{}},"855628211100114053":{"type":"shopify:\/\/apps\/klaviyo-email-marketing-sms\/blocks\/klaviyo-onsite-embed\/2632fe16-c075-4321-a88b-50b567f42507","disabled":false,"settings":{}},"1768834845299682660":{"type":"shopify:\/\/apps\/subscriptions\/blocks\/app-embed-block\/a3bfe9ec-96f8-4508-a003-df608a36d2ad","disabled":true,"settings":{"color_text_title":"#6d7175","color_text_body":"#6d7175","dividers_color":"#8f8d8d","bacgkround_color":"#ffffff","border_thickness":1,"border_radius":0,"subscription_policy_url":""}}},"color_schemes":{"scheme-1":{"settings":{"background":"#ffffff","background_gradient":"","text":"#121212","button":"#121212","button_label":"#ffffff","secondary_button_label":"#121212","shadow":"#121212"}},"scheme-2":{"settings":{"background":"rgba(0,0,0,0)","background_gradient":"linear-gradient(180deg, rgba(245, 237, 250, 1), rgba(252, 255, 234, 1) 100%)","text":"#123655","button":"#252525","button_label":"#7dccf1","secondary_button_label":"#e2f1ec","shadow":"#33a0ff"}},"scheme-a6df5ca4-dd76-4a6f-8eb7-eefb9c963b8a":{"settings":{"background":"#e6f0ff","background_gradient":"linear-gradient(0deg, rgba(121, 223, 252, 0.63), rgba(215, 204, 250, 1) 100%, rgba(255, 255, 255, 1) 100%)","text":"#121212","button":"#121212","button_label":"#ffffff","secondary_button_label":"#121212","shadow":"#121212"}}}}}