{"sections":{"hero_section_xacRrb":{"type":"hero-section","settings":{"hero-image":"shopify:\/\/shop_images\/banner-image-1.jpg","mob_img":"shopify:\/\/shop_images\/slide-one.jpg","slider_image_1":"shopify:\/\/shop_images\/mob-image.webp","slider_image_2":"shopify:\/\/shop_images\/ab-img-1_08347f36-e370-4cec-aacf-9c95ee4bad0e.png","slider_image_3":"shopify:\/\/shop_images\/new-arrival-2.png","slider_image_4":"shopify:\/\/shop_images\/slide-two.jpg"}},"main_collection_9VEQpR":{"type":"main-collection","settings":{"popup-modal":"quick-view","loading-type":"on-scroll"}},"shop_insta_z9tcgJ":{"type":"shop-insta","blocks":{"shop_instagram_qVqd8h":{"type":"shop_instagram","settings":{"image":"shopify:\/\/shop_images\/insta-img-1.png","button_look":"Shop The Look"}},"shop_instagram_p7jCgh":{"type":"shop_instagram","settings":{"image":"shopify:\/\/shop_images\/insta-img-2.png","button_look":"Shop The Look"}},"shop_instagram_BwpQBe":{"type":"shop_instagram","settings":{"image":"shopify:\/\/shop_images\/insta-img-3.png","button_look":"Shop The Look"}},"shop_instagram_RYCXf9":{"type":"shop_instagram","settings":{"image":"shopify:\/\/shop_images\/insta-img-4.png","button_look":"Shop The Look"}},"shop_instagram_gpm3Kh":{"type":"shop_instagram","settings":{"image":"shopify:\/\/shop_images\/insta-img-5.png","button_look":"Shop The Look"}},"shop_instagram_rTJ3VH":{"type":"shop_instagram","settings":{"image":"shopify:\/\/shop_images\/insta-img-6.png","button_look":"Shop The Look"}},"shop_instagram_nJxMWC":{"type":"shop_instagram","settings":{"image":"shopify:\/\/shop_images\/insta-img-7_20a7ccdf-5e3c-45b3-baf2-b31a1198f359.png","button_look":"Shop The Look"}},"shop_instagram_rJgbkQ":{"type":"shop_instagram","settings":{"image":"shopify:\/\/shop_images\/insta-img-8.png","button_look":"Shop The Look"}}},"block_order":["shop_instagram_qVqd8h","shop_instagram_p7jCgh","shop_instagram_BwpQBe","shop_instagram_RYCXf9","shop_instagram_gpm3Kh","shop_instagram_rTJ3VH","shop_instagram_nJxMWC","shop_instagram_rJgbkQ"],"settings":{"title":"Shop Insta"}}},"order":["hero_section_xacRrb","main_collection_9VEQpR","shop_insta_z9tcgJ"]}