{"sections":{"hero_section_NEcrKt":{"type":"hero-section","settings":{"hero-image":"shopify:\/\/shop_images\/banner-image-1.jpg","mob_img":"shopify:\/\/shop_images\/mob-image.webp","slider_image_1":"shopify:\/\/shop_images\/slide-one.jpg","slider_image_2":"shopify:\/\/shop_images\/slide-two.jpg","slider_image_3":"shopify:\/\/shop_images\/ab-img-1_08347f36-e370-4cec-aacf-9c95ee4bad0e.png","slider_image_4":"shopify:\/\/shop_images\/mob-image.webp"}},"new_arrival_jhFqGT":{"type":"new-arrival","blocks":{"new_arrival_bJBraB":{"type":"new_arrival","settings":{"product":"tan-co-ord-set","button_text":"Shop Now"}},"new_arrival_gc7DcP":{"type":"new_arrival","settings":{"product":"and-floral-full-sleeve-top","button_text":"Shop Now"}},"new_arrival_iiALji":{"type":"new_arrival","settings":{"product":"sunglasses","button_text":"Shop Now"}},"new_arrival_FYRqTm":{"type":"new_arrival","settings":{"product":"jeans-short","button_text":"Shop Now"}}},"block_order":["new_arrival_bJBraB","new_arrival_gc7DcP","new_arrival_iiALji","new_arrival_FYRqTm"],"custom_css":[".new-ar-product .cm-ar-pr {width: 100%; padding: 0 13px;}"],"settings":{"section_header":"New Arrivals","start_time":"17\/01\/2025 05:52","end_time":"26\/02\/2025 9:03"}},"trending_now_KWM6Px":{"type":"trending-now","settings":{"section_name":"Trending Now","product_list":["kitty-skirt-in-white","bailey-pants-in-sage-1","sunglasses","bailey-pants-in-sage","pink-perfection-for-her"]}},"reward_heDqxm":{"type":"reward","settings":{"reward_image":"shopify:\/\/shop_images\/reward-img.png","reward_mob_image":"shopify:\/\/shop_images\/reward-mob-image.png","smiley":"shopify:\/\/shop_images\/smile_icon_5b1c1eb2-7d31-4324-a04f-3bcb3f361aff.svg","circle":"shopify:\/\/shop_images\/round-shape.svg","reward_title":"<p>Sundea Muse Rewards<\/p>","description_reward":"Become a muse and you’ll get access to exclusive offers, sales, discounts, and early access to giveaways!","login":"LOG IN","linktobutton":"","join_button":"Join THe Club","linktobutton_":"<p>GET THE DETAILS<\/p>","join_club":"JOIN THE CLUB","button-color":"scheme-2"}},"shop_insta_EbU7j8":{"type":"shop-insta","blocks":{"shop_instagram_UFLYiE":{"type":"shop_instagram","settings":{"image":"shopify:\/\/shop_images\/insta-img-1.png","button_look":"Shop The look"}},"shop_instagram_RgYbhy":{"type":"shop_instagram","settings":{"image":"shopify:\/\/shop_images\/insta-img-2.png","button_look":"Shop The look"}},"shop_instagram_dfHyV4":{"type":"shop_instagram","settings":{"image":"shopify:\/\/shop_images\/insta-img-3.png","button_look":"Shop the look"}},"shop_instagram_npa7Rd":{"type":"shop_instagram","settings":{"image":"shopify:\/\/shop_images\/insta-img-4.png","button_look":"shop the look"}},"shop_instagram_BhYYbB":{"type":"shop_instagram","settings":{"image":"shopify:\/\/shop_images\/insta-img-5.png","button_look":"Shop the look"}},"shop_instagram_aAwTHD":{"type":"shop_instagram","settings":{"image":"shopify:\/\/shop_images\/insta-img-6.png","button_look":"shop the look"}},"shop_instagram_if9Fkc":{"type":"shop_instagram","settings":{"image":"shopify:\/\/shop_images\/insta-img-7_20a7ccdf-5e3c-45b3-baf2-b31a1198f359.png","button_look":"SHOP THE LOOK"}},"shop_instagram_fyybck":{"type":"shop_instagram","settings":{"image":"shopify:\/\/shop_images\/insta-img-8.png","button_look":"Shop the look"}}},"block_order":["shop_instagram_UFLYiE","shop_instagram_RgYbhy","shop_instagram_dfHyV4","shop_instagram_npa7Rd","shop_instagram_BhYYbB","shop_instagram_aAwTHD","shop_instagram_if9Fkc","shop_instagram_fyybck"],"settings":{"title":"Shop Insta"}},"newsletter_jmTzEi":{"type":"newsletter","settings":{}},"shop_now_mWr98d":{"type":"shop-now","custom_css":[".new-ar-inner {display: flex;}"],"settings":{"shop_all_title":"<p>Shop Now<\/p>"}}},"order":["hero_section_NEcrKt","new_arrival_jhFqGT","trending_now_KWM6Px","reward_heDqxm","shop_insta_EbU7j8","newsletter_jmTzEi","shop_now_mWr98d"]}