{"sections":{"main":{"type":"main-collection-list","blocks":{"collection_hm3izP":{"type":"collection","settings":{"image":"shopify:\/\/shop_images\/col-img-1.png","category_name":"Denim"}},"collection_7XxzEV":{"type":"collection","settings":{"image":"shopify:\/\/shop_images\/mob-image.webp","category_name":"Summer Dress"}},"collection_3rHHdU":{"type":"collection","settings":{"image":"shopify:\/\/shop_images\/insta-img-8.png","category_name":"Yellow Bellow"}}},"block_order":["collection_hm3izP","collection_7XxzEV","collection_3rHHdU"],"settings":{}}},"order":["main"]}