{"sections":{"main":{"type":"main-page","settings":{}},"product_bundle_yebHgR":{"type":"product-bundle","settings":{"title":"<p>Combine Products<\/p>","bundle-products-1":["alicia-dress","and-floral-full-sleeve-top","bailey-pants-in-sage","bailey-pants-in-sage-1"],"bundle-products-2":["bottle-and-flask","cardigan","tshirt","beetroot-lip-balm-by-deyga"],"bundle-products-3":["gift-card-101","jeans-short","kitty-skirt-in-white","moisturizer","n5-by-channel"]}}},"order":["main","product_bundle_yebHgR"]}