{"sections":{"main":{"type":"main-page","settings":{}},"about_us_zwMUjw":{"type":"about-us","settings":{"heading":"About Us","about-content":"<h4>Founded in 2014, Sundae Muse was created as an online destination for the free-spirited femmes, the date night darlings and the boho babes. Offering a carefully curated digital wardrobe, whether for Summer in Sydney or Spring in Sicily, Sundae Muse celebrates your favourite Australian labels and exclusive original pieces. Proudly designed in Australia and ethically produced overseas, Sundae Muse gathers beauty from all corners of the globe in our online boutique.<\/h4><h4>Based in Melbourne and led by a tight-knit team of women, Sundae Muse has nurtured a girl gang that love to showcase their latest looks whilst out on the dance floor, basking in the sun and jet-setting around the world. With a killer wardrobe and a big heart, the Sundae Muse power-houses give $1 from every purchase to charities supporting women in need.<\/h4><h4>Who run the world?<\/h4>","products-image":["bailey-pants-in-sage","kitty-skirt-in-white","cardigan","sunglasses"],"mobile-image":"shopify:\/\/shop_images\/ab-img-1_08347f36-e370-4cec-aacf-9c95ee4bad0e.png"}}},"order":["main","about_us_zwMUjw"]}