{"sections":{"main":{"type":"main-page","settings":{}},"faqs_7HrzmC":{"type":"faqs","blocks":{"accordion_KkmHtC":{"type":"accordion","settings":{"acc_out_title":"Orders","content":"<ul><li><h4>Can I cancel my order?<\/h4><\/li><\/ul><p>Lorem ipsum dolor sit amet, consectetuer adipiscing elit. Donec odio.<\/p><p>Quisque volutpat mattis eros. Nullam malesuada erat ut turpis. Suspendisse urna nibh, viverra non, semper suscipit, posuere a, pede.<\/p><ul><li><h4>What is your pre-order policy?<\/h4><\/li><\/ul><p>Lorem ipsum dolor sit amet, consectetuer adipiscing elit. Donec odio.<\/p><p>Quisque volutpat mattis eros. Nullam malesuada erat ut turpis. Suspendisse urna nibh, viverra non, semper suscipit, posuere a, pede.<\/p><ul><li><h4>where is my order?<\/h4><\/li><\/ul><p>Lorem ipsum dolor sit amet, consectetuer adipiscing elit. Donec odio.<\/p><p>Quisque volutpat mattis eros. Nullam malesuada erat ut turpis. Suspendisse urna nibh, viverra non, semper suscipit, posuere a, pede.<\/p>"}},"accordion_inner_eEjLjL":{"type":"accordion_inner","settings":{"acc_title":"Orders","acc_in_title":"Can I change or alter my order?","acc_content":"<p>Once your order has been placed we are unable to make any alterations. However, you are welcome to return your order once you have received it. More information can be found on our returns page.<\/p>"}},"accordion_inner_ajQPiY":{"type":"accordion_inner","settings":{"acc_title":"Orders","acc_in_title":"Will I have to pay for customs and duties?","acc_content":"<p>Yes, Failing to pay customs duties can result in penalties, fines, and the seizure of goods. In some cases, it may lead to legal action.<\/p>"}},"accordion_ejz6VE":{"type":"accordion","settings":{"acc_out_title":"payment","content":""}},"accordion_inner_m9nAJL":{"type":"accordion_inner","settings":{"acc_title":"Payment","acc_in_title":"Why was my payment declined ?","acc_content":"<p>Payments can be declined for several reasons, such as insufficient funds, incorrect card details, or issues with your bank. Please check your information and try again.<\/p>"}},"accordion_inner_BRyRXN":{"type":"accordion_inner","settings":{"acc_title":"Payment","acc_in_title":"Will I receive a receipt for my payment?","acc_content":"<p>Yes, a confirmation email with a receipt will be sent to you after your payment is processed.<\/p>"}},"accordion_NPmDLU":{"type":"accordion","settings":{"acc_out_title":"Shipping","content":""}},"accordion_inner_3cyJ8L":{"type":"accordion_inner","settings":{"acc_title":"Shipping","acc_in_title":"Do you ship internationally?","acc_content":"<p>Yes, we offer international shipping to select countries. Please check our website for a list of available locations.<\/p>"}},"accordion_inner_TgHx3K":{"type":"accordion_inner","settings":{"acc_title":"Shipping","acc_in_title":"What should I do if my package is delayed?","acc_content":"<p>If your package is delayed, please check the tracking information first. If there are further issues, contact our customer support for assistance.<\/p>"}},"accordion_HCU9Bb":{"type":"accordion","settings":{"acc_out_title":"Returns","content":""}},"accordion_inner_WFGcnB":{"type":"accordion_inner","settings":{"acc_title":"Returns","acc_in_title":"What is your return policy?","acc_content":"<p>We accept returns within a specified period (e.g., 30 days) from the date of purchase. Items must be unused and in original packaging.<br\/><br\/>Return shipping fees may vary. In some cases, we offer free return shipping. Please check our return policy for details.<\/p>"}},"accordion_inner_M67VnH":{"type":"accordion_inner","settings":{"acc_title":"Returns","acc_in_title":"How do I initiate a return?","acc_content":"<p>To initiate a return, please contact our customer support or visit our website’s return section for instructions and a return label.<\/p>"}},"accordion_EiWJTp":{"type":"accordion","settings":{"acc_out_title":"Contact","content":"<ul><li><h4>How do I contact customer care?<\/h4><\/li><\/ul><p>Oh hey! You can contact us through our <a href=\"https:\/\/sundaemuse.com\/pages\/contact-us\" title=\"contact\"><strong>contact form<\/strong><\/a> or alternatively email us at <a href=\"mailto:love@sundaemuse.com\" target=\"_blank\" title=\"mailto:love@sundaemuse.com\"><strong>love@sundaemuse.com<\/strong><\/a> You can also contact us through the our LiveChat which is located in the bottom right corner of your screen. Ask us anything! From styling advise to help with sizing; we love to chat to our gorgeous customers!<\/p><h4>How long does it take for you to get back to my message?<\/h4><p>We'll get back to you within 24 hours.<\/p>"}},"accordion_ydHHGB":{"type":"accordion","settings":{"acc_out_title":"size guide","content":""}},"accordion_inner_nH7agh":{"type":"accordion_inner","settings":{"acc_title":"size guide","acc_in_title":"Where can I find a size guide?","acc_content":"<p>Click <a href=\"https:\/\/sundaemuse.com\/pages\/size-guide\" title=\"https:\/\/sundaemuse.com\/pages\/size-guide\">here<\/a> to view our size guide<\/p>"}},"accordion_AAeixa":{"type":"accordion","settings":{"acc_out_title":"Collaborate","content":""}},"accordion_inner_mQj7eV":{"type":"accordion_inner","settings":{"acc_title":"Collaborate","acc_in_title":"How do I collaborate with Sundae Muse?","acc_content":"<p>Please email <a href=\"mailto:collaborate@sundaemuse.com\" target=\"_blank\" title=\"mailto:collaborate@sundaemuse.com\">collaborate@sundaemuse.com<\/a><\/p><p>Due to large number of enquiries we receive only successful applicants will be notified.<\/p>"}},"accordion_bML8Wy":{"type":"accordion","settings":{"acc_out_title":"About Us","content":""}},"accordion_inner_6kKfVr":{"type":"accordion_inner","settings":{"acc_title":"About Us","acc_in_title":"Lorem Ipsum Dolore sit amet consectualise","acc_content":""}},"accordion_inner_9DmKyM":{"type":"accordion_inner","settings":{"acc_title":"Contact","acc_in_title":"Where are you located?","acc_content":"<p>Sundae Muse HQ is located in Melbourne, Australia. <\/p>"}},"accordion_inner_tDwcEK":{"type":"accordion_inner","settings":{"acc_title":"Contact","acc_in_title":"Do you have a store?","acc_content":"<p>We are 100% online and currently have no physical stores.<\/p>"}},"accordion_UYfnMD":{"type":"accordion","settings":{"acc_out_title":"AfterPay","content":"<ul><li><h4>What is Afterpay?<\/h4><\/li><\/ul><p>Afterpay is a third party payment solution which allows you to purchase your items straight away without having to pay a lump sum. No interest, ever - and no additional fees when you pay on time. Automatic payments are taken every two weeks in four equal instalments.<\/p><ul><li><h4>How do I use Afterpay?<\/h4><\/li><\/ul><p>Shop sundaemuse.com as usual. At the checkout, select Afterpay as your payment method. If you’re a new customer to Afterpay you will register provide payment details (they accept Visa or Mastercard). If you’ve used Afterpay before, just log in to your Afterpay account and complete your order.<\/p>"}},"accordion_inner_iAeGeN":{"type":"accordion_inner","settings":{"acc_title":"Afterpay","acc_in_title":"Can I use Afterpay if I'm an international customer?","acc_content":"<p>Afterpay is only available to customers with an Australian billing address. Customers with international billing addresses will not be able to create an Afterpay account.<\/p>"}},"accordion_inner_zakQdd":{"type":"accordion_inner","settings":{"acc_title":"Afterpay","acc_in_title":"When will my items be delivered if I use Afterpay?","acc_content":"<p>Like any Sundae Muse order, Afterpay orders are delivered within our standard shipping timeframes. Please refer to our shipping page for more information.<\/p>"}}},"block_order":["accordion_KkmHtC","accordion_inner_eEjLjL","accordion_inner_ajQPiY","accordion_ejz6VE","accordion_inner_m9nAJL","accordion_inner_BRyRXN","accordion_NPmDLU","accordion_inner_3cyJ8L","accordion_inner_TgHx3K","accordion_HCU9Bb","accordion_inner_WFGcnB","accordion_inner_M67VnH","accordion_EiWJTp","accordion_ydHHGB","accordion_inner_nH7agh","accordion_AAeixa","accordion_inner_mQj7eV","accordion_bML8Wy","accordion_inner_6kKfVr","accordion_inner_9DmKyM","accordion_inner_tDwcEK","accordion_UYfnMD","accordion_inner_iAeGeN","accordion_inner_zakQdd"],"custom_css":[],"settings":{"banner-image":"shopify:\/\/shop_images\/onsale-banner-image.png","title":"FAQS","header":"Have a question? Take a look at our FAQs and see if you can find what you need!"}},"new_arrival_hNCa7r":{"type":"new-arrival","blocks":{"new_arrival_FGhUVH":{"type":"new_arrival","settings":{"product":"bailey-pants-in-sage-1","button_text":"Shop Now"}},"new_arrival_idk4Dm":{"type":"new_arrival","settings":{"product":"kitty-skirt-in-white","button_text":""}},"new_arrival_ExCdEg":{"type":"new_arrival","settings":{"product":"and-floral-full-sleeve-top","button_text":""}}},"block_order":["new_arrival_FGhUVH","new_arrival_idk4Dm","new_arrival_ExCdEg"],"custom_css":[".new-ar-product .cm-ar-pr {width: 100%; padding: 0 13px;}"],"settings":{"section_header":"You Might Like","start_time":"","end_time":""}},"table_section_CXJjFa":{"type":"table-section","blocks":{"table_row_dTAKCC":{"type":"table-row","name":"Table Row","settings":{},"blocks":{"table_cell_ABnQfK":{"type":"table-cell","name":"Body Cell","settings":{"cell-type":"body"},"blocks":{"content_9Kq6wD":{"type":"content","name":"Content","settings":{"content":"<h5>Alicia Dress<\/h5>"},"blocks":{}},"table_cell_gAggqz":{"type":"table-cell","name":"Body Cell","settings":{"cell-type":"body"},"blocks":{"content_VKAUKk":{"type":"content","name":"Content","settings":{"content":"<h5>50<\/h5>"},"blocks":{}},"table_cell_7G3yBT":{"type":"table-cell","name":"Body Cell","settings":{"cell-type":"body"},"blocks":{"content_HMWmKn":{"type":"content","name":"Content","settings":{"content":"<h5>1 Unit<\/h5>"},"blocks":{}}},"block_order":["content_HMWmKn"]}},"block_order":["content_VKAUKk","table_cell_7G3yBT"]}},"block_order":["content_9Kq6wD","table_cell_gAggqz"]}},"block_order":["table_cell_ABnQfK"]},"table_row_BazpA3":{"type":"table-row","name":"Table Row","settings":{},"blocks":{"table_cell_3KQ7UT":{"type":"table-cell","name":"Body Cell","settings":{"cell-type":"body"},"blocks":{"content_c6xgrm":{"type":"content","name":"Content","settings":{"content":"<h5>Alicia Dress<\/h5>"},"blocks":{}},"table_cell_RinEkQ":{"type":"table-cell","name":"Body Cell","settings":{"cell-type":"body"},"blocks":{"content_jVtmRf":{"type":"content","name":"Content","settings":{"content":"<h5>50<\/h5>"},"blocks":{}},"table_cell_dwdRNH":{"type":"table-cell","name":"Body Cell","settings":{"cell-type":"body"},"blocks":{"content_wM8XmF":{"type":"content","name":"Content","settings":{"content":"<h5>1 Unit<\/h5>"},"blocks":{}}},"block_order":["content_wM8XmF"]}},"block_order":["content_jVtmRf","table_cell_dwdRNH"]}},"block_order":["content_c6xgrm","table_cell_RinEkQ"]}},"block_order":["table_cell_3KQ7UT"]},"table_row_cmAUW3":{"type":"table-row","name":"Table Row","settings":{},"blocks":{"table_cell_JAdXbT":{"type":"table-cell","name":"Body Cell","settings":{"cell-type":"body"},"blocks":{"content_Ujwj8p":{"type":"content","name":"Content","settings":{"content":"<h5>Tank Top<\/h5>"},"blocks":{}},"table_cell_Pq9Fig":{"type":"table-cell","name":"Body Cell","settings":{"cell-type":"body"},"blocks":{"content_8rdVhc":{"type":"content","name":"Content","settings":{"content":"<h5>60<\/h5>"},"blocks":{}},"table_cell_yxX4aL":{"type":"table-cell","name":"Body Cell","settings":{"cell-type":"body"},"blocks":{"content_U7TH4H":{"type":"content","name":"Content","settings":{"content":"<h5>1 Top<\/h5>"},"blocks":{}}},"block_order":["content_U7TH4H"]}},"block_order":["content_8rdVhc","table_cell_yxX4aL"]}},"block_order":["content_Ujwj8p","table_cell_Pq9Fig"]}},"block_order":["table_cell_JAdXbT"]},"table_row_74BMED":{"type":"table-row","name":"Table Row","settings":{},"blocks":{"table_cell_EaGr3d":{"type":"table-cell","name":"Body Cell","settings":{"cell-type":"body"},"blocks":{"content_Dipm4D":{"type":"content","name":"Content","settings":{"content":"<h5>Tank Top<\/h5>"},"blocks":{}},"table_cell_TFKktC":{"type":"table-cell","name":"Body Cell","settings":{"cell-type":"body"},"blocks":{"content_hMaPiU":{"type":"content","name":"Content","settings":{"content":"<h5>60<\/h5>"},"blocks":{}},"table_cell_DG3F4b":{"type":"table-cell","name":"Body Cell","settings":{"cell-type":"body"},"blocks":{"content_rbWKQC":{"type":"content","name":"Content","settings":{"content":"<h5>1 Top<\/h5>"},"blocks":{}}},"block_order":["content_rbWKQC"]}},"block_order":["content_hMaPiU","table_cell_DG3F4b"]}},"block_order":["content_Dipm4D","table_cell_TFKktC"]}},"block_order":["table_cell_EaGr3d"]},"table-header":{"type":"table-header","static":true,"settings":{},"blocks":{"table_cell_wAAyxE":{"type":"table-cell","name":"Header Cell","settings":{"cell-type":"header"},"blocks":{"content_CHGQ4h":{"type":"content","name":"Content","settings":{"content":"<p>Title<\/p>"},"blocks":{}}},"block_order":["content_CHGQ4h"]},"table_cell_DGXwhV":{"type":"table-cell","name":"Header Cell","settings":{"cell-type":"header"},"blocks":{"content_LwCRnQ":{"type":"content","name":"Content","settings":{"content":"<p>Stock<\/p>"},"blocks":{}}},"block_order":["content_LwCRnQ"]},"table_cell_TBmgVG":{"type":"table-cell","name":"Header Cell","settings":{"cell-type":"header"},"blocks":{"content_8TkeTj":{"type":"content","name":"Content","settings":{"content":"<p>SKU<\/p>"},"blocks":{}}},"block_order":["content_8TkeTj"]}},"block_order":["table_cell_wAAyxE","table_cell_DGXwhV","table_cell_TBmgVG"]}},"block_order":["table_row_dTAKCC","table_row_BazpA3","table_row_cmAUW3","table_row_74BMED"],"name":"Custom Table","settings":{"test_section_setting":true}},"theme_block_pTb3ec":{"type":"theme-block","blocks":{"content_RCjcHk":{"type":"content","name":"Content","settings":{"content":"<h4><strong>Featured Product<\/strong><\/h4>"},"blocks":{}},"product_card_PprPQ6":{"type":"product-card","name":"Product Card","settings":{"product":"moisturizer","new-meta":""},"blocks":{}},"product_hotspots_WjfMCm":{"type":"product-hotspots","name":"Product Hotspot","settings":{"product":"{{ closest.product }}"},"blocks":{"hotspot_EHVFYK":{"type":"hotspot","name":"Hotspot","settings":{"feature":"<h5><strong>Breathable fabric keeps you cool.<\/strong><\/h5>","top":20,"left":40},"blocks":{}},"hotspot_qitrxG":{"type":"hotspot","name":"Hotspot","settings":{"feature":"<h5><strong>Irresistible moisturizing effect <\/strong><\/h5>","top":50,"left":70},"blocks":{}},"hotspot_dUGanh":{"type":"hotspot","name":"Hotspot","settings":{"feature":"<h5><strong>with real goodness of wild berries<\/strong><\/h5>","top":80,"left":30},"blocks":{}}},"block_order":["hotspot_EHVFYK","hotspot_qitrxG","hotspot_dUGanh"]}},"block_order":["content_RCjcHk","product_card_PprPQ6","product_hotspots_WjfMCm"],"name":"Closest Example - theme blocks","settings":{"featured-product":"moisturizer"}}},"order":["main","faqs_7HrzmC","new_arrival_hNCa7r","table_section_CXJjFa","theme_block_pTb3ec"]}