{"sections":{"main":{"type":"main-page","settings":{}},"sustainability_GhGbNn":{"type":"sustainability","blocks":{"sustainability_mfBaLp":{"type":"sustainability","settings":{"tab_title":"Our Goals","tab_para":"Our Fabrics","tab_content":"<h4>SUSTAINABILITY GOAL ONE<\/h4><p>Lorem ipsum dolor sit amet, consectetur adipiscing elit, sed do eiusmod tempor incididunt ut labore et dolore magna aliqua.<\/p><h4>SUSTAINABILITY GOAL TWO<\/h4><p>Ut enim ad minim veniam, quis nostrud exercitation ullamco laboris nisi ut aliquip ex ea commodo consequat. Duis aute irure dolor in reprehenderit in voluptate velit esse cillum dolore eu fugiat nulla pariatur. Ullamco laboris nisi ut.<\/p><h4>SUSTAINABILITY GOAL THREE<\/h4><p>Excepteur sint occaecat cupidatat non proident, sunt in culpa qui officia deserunt mollit anim id est laborum. Lorem ipsum dolor sit amet.<\/p><h4>SUSTAINABILITY GOAL FOUR<\/h4><p>Ut enim ad minim veniam, quis nostrud exercitation ullamco laboris nisi ut aliquip ex ea commodo consequat. Duis aute irure dolor in reprehenderit in voluptate velit esse cillum dolore eu fugiat nulla pariatur. Ullamco laboris nisi ut.<\/p>"}},"sustainability_D3reF8":{"type":"sustainability","settings":{"tab_title":"Fabrics","tab_para":"","tab_content":"<h4>OUR FABRICS<\/h4><h4>Lorem ipsum dolor sit amet, consectetur adipiscing elit, sed do eiusmod tempor incididunt ut labore et dolore magna aliqua. Ut enim ad minim veniam, quis nostrud exercitation ullamco laboris nisi ut aliquip ex ea commodo consequat. Duis aute irure dolor in reprehenderit in voluptate velit esse cillum dolore eu fugiat nulla pariatur. Excepteur sint occaecat cupidatat non proident, sunt in culpa qui officia deserunt mollit anim id est laborum.<\/h4><h4>SUBHEADING<\/h4><h4>Lorem ipsum dolor sit amet, consectetur adipiscing elit, sed do eiusmod tempor incididunt ut labore et dolore magna aliqua. Ut enim ad minim veniam, quis nostrud exercitation ullamco laboris nisi ut aliquip ex ea commodo consequat. Duis aute irure dolor in reprehenderit in voluptate velit esse cillum dolore eu fugiat nulla pariatur. Excepteur sint occaecat cupidatat non proident, sunt in culpa qui officia deserunt mollit anim id est laborum.<\/h4><h4>SUBHEADING<\/h4><h4>Lorem ipsum dolor sit amet, consectetur adipiscing elit, sed do eiusmod tempor incididunt ut labore et dolore magna aliqua. Ut enim ad minim veniam, quis nostrud exercitation ullamco laboris nisi ut aliquip ex ea commodo consequat. Duis aute irure dolor in reprehenderit in voluptate velit esse cillum dolore eu fugiat nulla pariatur. Excepteur sint occaecat cupidatat non proident, sunt in culpa qui officia deserunt mollit anim id est laborum.<\/h4><h4>SUBHEADING<\/h4><h4>Lorem ipsum dolor sit amet, consectetur adipiscing elit, sed do eiusmod tempor incididunt ut labore et dolore magna aliqua. Ut enim ad minim veniam, quis nostrud exercitation ullamco laboris nisi ut aliquip ex ea commodo consequat. Duis aute irure dolor in reprehenderit in voluptate velit esse cillum dolore eu fugiat nulla pariatur. Excepteur sint occaecat cupidatat non proident, sunt in culpa qui officia deserunt mollit anim id est laborum.<\/h4>"}},"sustainability_hi7eLJ":{"type":"sustainability","settings":{"tab_title":"Diversity","tab_para":"","tab_content":"<p><strong>Lorem Ipsum<\/strong>is simply dummy text of the printing and typesetting industry. Lorem Ipsum has been the industry's standard dummy text ever since the 1500s, when an unknown printer took a galley of type and scrambled it to make a type specimen book. It has survived not only five centuries, but also the leap into electronic typesetting, remaining essentially unchanged. It was popularised in the 1960s with the release of Letraset sheets containing Lorem Ipsum passages, and more recently with desktop publishing software like Aldus PageMaker including versions of Lorem Ipsum.<\/p>"}},"sustainability_WKJAy8":{"type":"sustainability","settings":{"tab_title":"Ethics, Wages & Social Programs","tab_para":"","tab_content":"<p>Contrary to popular belief, Lorem Ipsum is not simply random text. It has roots in a piece of classical Latin literature from 45 BC, making it over 2000 years old. Richard McClintock, a Latin professor at Hampden-Sydney College in Virginia, looked up one of the more obscure Latin words, consectetur, from a Lorem Ipsum passage, and going through the cites of the word in classical literature, discovered the undoubtable source. Lorem Ipsum comes from sections 1.10.32 and 1.10.33 of \"de Finibus Bonorum et Malorum\" (The Extremes of Good and Evil) by Cicero, written in 45 BC. This book is a treatise on the theory of ethics, very popular during the Renaissance. The first line of Lorem Ipsum, \"Lorem ipsum dolor sit amet..\", comes from a line in section 1.10.32.<\/p><p>The standard chunk of Lorem Ipsum used since the 1500s is reproduced below for those interested. Sections 1.10.32 and 1.10.33 from \"de Finibus Bonorum et Malorum\" by Cicero are also reproduced in their exact original form, accompanied by English versions from the 1914 translation by H. Rackham.<\/p>"}},"sustainability_TRR3et":{"type":"sustainability","settings":{"tab_title":"Packaging","tab_para":"","tab_content":"<p>Contrary to popular belief, Lorem Ipsum is not simply random text. It has roots in a piece of classical Latin literature from 45 BC, making it over 2000 years old. Richard McClintock, a Latin professor at Hampden-Sydney College in Virginia, looked up one of the more obscure Latin words, consectetur, from a Lorem Ipsum passage, and going through the cites of the word in classical literature, discovered the undoubtable source. Lorem Ipsum comes from sections 1.10.32 and 1.10.33 of \"de Finibus Bonorum et Malorum\" (The Extremes of Good and Evil) by Cicero, written in 45 BC. This book is a treatise on the theory of ethics, very popular during the Renaissance. The first line of Lorem Ipsum, \"Lorem ipsum dolor sit amet..\", comes from a line in section 1.10.32.<\/p><p>The standard chunk of Lorem Ipsum used since the 1500s is reproduced below for those interested. Sections 1.10.32 and 1.10.33 from \"de Finibus Bonorum et Malorum\" by Cicero are also reproduced in their exact original form, accompanied by English versions from the 1914 translation by H. Rackham.<\/p>"}},"sustainability_JnMXhi":{"type":"sustainability","settings":{"tab_title":"I-Change Program","tab_para":"","tab_content":"<h2>Sundae Muse i=Change Program<\/h2><h4>At Sundae Muse we are all about empowering and looking after the sisterhood.<\/h4><h4>We are proud to join forces with i=Change and their partners to support and protect the women of the world. By using our platform to raise awareness, and donating $1 from every order to raise funds, we are all working toward the health, safety and equality of women.<\/h4><h4>We’re committed to making beautiful pieces with a positive impact. Together, we can make this world a better place. Let’s go girls…<\/h4><h2>How It Works<\/h2><p>We create Australian-owned, sustainable clothing.<\/p><p>You pop those goodies in your cart and checkout.<\/p><p>We donate $1 from your order to help women.<\/p><p>You choose which amazing cause to support.<\/p><h4>High five, honeys.<\/h4><h4>Every online purchase makes a difference. At checkout, you’ll be able to choose 1 out of 3 impactful projects to support. Have a read below to explore the groups we support via our I=Change program.<\/h4>"}}},"block_order":["sustainability_mfBaLp","sustainability_D3reF8","sustainability_hi7eLJ","sustainability_WKJAy8","sustainability_TRR3et","sustainability_JnMXhi"],"settings":{"banner-image":"shopify:\/\/shop_images\/top-banner-one.png","button-text":"Sustainability"}},"new_arrival_FzhDFD":{"type":"new-arrival","blocks":{"new_arrival_7FJQ3z":{"type":"new_arrival","settings":{"product":"bailey-pants-in-sage","button_text":"Shop Now"}},"new_arrival_yyWyDw":{"type":"new_arrival","settings":{"product":"and-floral-full-sleeve-top","button_text":"Shop Now"}},"new_arrival_GVKg8V":{"type":"new_arrival","settings":{"product":"jeans-short","button_text":"Shop Now"}},"new_arrival_ecYc6n":{"type":"new_arrival","settings":{"product":"tan-co-ord-set","button_text":"Shop Now"}}},"block_order":["new_arrival_7FJQ3z","new_arrival_yyWyDw","new_arrival_GVKg8V","new_arrival_ecYc6n"],"custom_css":[".section-space {background-color: var(--Taro-Purple); padding: 50px 0;}",".new-ar-product .cm-ar-pr {width: 100%; padding: 0 13px;}"],"settings":{"section_header":"You might like"}}},"order":["main","sustainability_GhGbNn","new_arrival_FzhDFD"]}