{"sections":{"main":{"type":"main-page","settings":{}},"track_your_order_ArcrNK":{"type":"track-your-order","name":"Track Your Order","settings":{"heading":"<h1>Track Your Order<\/h1>","order-sheet":"https:\/\/docs.google.com\/spreadsheets\/d\/1Ch6Sdno6UNyv0U0H5enfZbWlcqNBg-ihAUd9NCFwtvo","sheet-name":"Master","title":"<h6>Order Number<\/h6>","button-text":"Track Order","sub-title":"<h1>Understand Your Order Status<\/h1>","content":"<h2><strong>Order Processing <\/strong><\/h2><p>We have received your order and it is progressing with production team<\/p><h2><strong>Order with carrier\/ Delievered <\/strong><\/h2><p>We have handed your order to our trusted carrier. You will receive communication from them regarding delivery <\/p><h2><strong>Delivered <\/strong><\/h2><p>Your order has been successfully delivered <\/p>"}},"icon_with_text_pT38bz":{"type":"Icon-with-text","blocks":{"icon_with_text_xJPVMd":{"type":"icon-with-text","name":"Icon with Text","settings":{"icon":"shopify:\/\/shop_images\/85906.png","text":"For All"},"blocks":{}},"icon_with_text_HFxp3a":{"type":"icon-with-text","name":"Icon with Text","settings":{"icon":"shopify:\/\/shop_images\/img.icons8.png","text":"Superior Fabric"},"blocks":{}},"icon_with_text_tcrmJ6":{"type":"icon-with-text","name":"Icon with Text","settings":{"icon":"shopify:\/\/shop_images\/105970.png","text":"Artisanally Crafted"},"blocks":{}},"icon_with_text_8kHiCb":{"type":"icon-with-text","name":"Icon with Text","settings":{"icon":"shopify:\/\/shop_images\/icon-3.svg","text":"Anti-wrinkling"},"blocks":{}},"icon_with_text_a9Qinh":{"type":"icon-with-text","name":"Icon with Text","settings":{"icon":"shopify:\/\/shop_images\/85904.png","text":"Safe"},"blocks":{}},"icon_with_text_GJJmUp":{"type":"icon-with-text","name":"Icon with Text","settings":{"icon":"shopify:\/\/shop_images\/icon-5.webp","text":"Eco Friendly"},"blocks":{}}},"block_order":["icon_with_text_xJPVMd","icon_with_text_HFxp3a","icon_with_text_tcrmJ6","icon_with_text_8kHiCb","icon_with_text_a9Qinh","icon_with_text_GJJmUp"],"name":"Custom Section","settings":{}}},"order":["main","track_your_order_ArcrNK","icon_with_text_pT38bz"]}