{"sections":{"main":{"type":"main-page","settings":{}},"vip_lending_cd4aA3":{"type":"vip-lending","settings":{}},"shop_insta_9PeJpR":{"type":"shop-insta","blocks":{"shop_instagram_z8pcCW":{"type":"shop_instagram","settings":{"image":"shopify:\/\/shop_images\/insta-img-1.png","button_look":"Shop The Look"}},"shop_instagram_LhGKJ7":{"type":"shop_instagram","settings":{"image":"shopify:\/\/shop_images\/insta-img-2.png","button_look":"Shop The Look"}},"shop_instagram_i3nVh9":{"type":"shop_instagram","settings":{"image":"shopify:\/\/shop_images\/insta-img-3.png","button_look":"Shop the look"}},"shop_instagram_waqPpM":{"type":"shop_instagram","settings":{"image":"shopify:\/\/shop_images\/insta-img-4.png","button_look":"Shop the look"}},"shop_instagram_9g7WG8":{"type":"shop_instagram","settings":{"image":"shopify:\/\/shop_images\/insta-img-5.png","button_look":"Shop the look"}},"shop_instagram_KejkBK":{"type":"shop_instagram","settings":{"image":"shopify:\/\/shop_images\/insta-img-6.png","button_look":"Shop the look"}},"shop_instagram_cxWegm":{"type":"shop_instagram","settings":{"image":"shopify:\/\/shop_images\/insta-img-7_20a7ccdf-5e3c-45b3-baf2-b31a1198f359.png","button_look":"Shop the look"}},"shop_instagram_yAbxXb":{"type":"shop_instagram","settings":{"image":"shopify:\/\/shop_images\/col-img-2_b9040768-ed06-4b2f-bc76-3b418f79529d.png","button_look":"Shop the look"}}},"block_order":["shop_instagram_z8pcCW","shop_instagram_LhGKJ7","shop_instagram_i3nVh9","shop_instagram_waqPpM","shop_instagram_9g7WG8","shop_instagram_KejkBK","shop_instagram_cxWegm","shop_instagram_yAbxXb"],"settings":{"title":"Shop Instagram"}}},"order":["main","vip_lending_cd4aA3","shop_insta_9PeJpR"]}