{"sections":{"main":{"type":"main-contact","settings":{}},"contact_4tmMqV":{"type":"contact","settings":{"contact-img":"shopify:\/\/shop_images\/insta-img-2.png","contact-content":"<h2>Want to write us a love letter?<\/h2><h5>Our friendly customer service team are always happy to help (seriously, they’re online 24\/7!). From size-swaps to shout outs on your new look, our hype girls are here to help. Please fill out our easy contact from and one of our Sundae Sweethearts will get back to you as soon as possible.<\/h5><h5>Contact form not working? Email us directly at <a href=\"#\">love@sundaemuse.com<\/a> or use the Live Chat for an even quicker response.<\/h5>"}},"newsletter_KnGfLa":{"type":"newsletter","settings":{}}},"order":["main","contact_4tmMqV","newsletter_KnGfLa"]}