{"sections":{"main":{"type":"main-product","blocks":{"product_title_kdGdKg":{"type":"product_title","settings":{}},"price_cnXjqn":{"type":"price","settings":{}},"discount_NmLiET":{"type":"discount","settings":{}},"cart_button_gCjwGx":{"type":"cart_button","settings":{}},"advance_products_4kjxh7":{"type":"advance_products","settings":{"add-on":"{{ product.metafields.custom.add_on_products.value }}"}}},"block_order":["product_title_kdGdKg","price_cnXjqn","discount_NmLiET","cart_button_gCjwGx","advance_products_4kjxh7"],"custom_css":["h2 {font-weight: 700;}"],"settings":{"details-header":"Description\/ Details\/ Returns","discount":true,"discount_text":"SAVE [discount]%","discount_option":"Color","image_group":true}},"product_recommendation_gPAjyE":{"type":"product-recommendation","disabled":true,"settings":{"title":"","button":""}},"recently_viewed_qgz89p":{"type":"recently-viewed","settings":{"recently-viewed":true,"recent-title":"Recently Viewed","recent-button":"Visit again"}},"new_arrival_HKpqaQ":{"type":"new-arrival","blocks":{"new_arrival_X6XkEY":{"type":"new_arrival","settings":{"product":"bailey-pants-in-sage","button_text":"Not Now"}},"new_arrival_TWDqX6":{"type":"new_arrival","settings":{"product":"bailey-pants-in-sage-1","button_text":"Shop Now"}},"new_arrival_wGgUi9":{"type":"new_arrival","settings":{"product":"jeans-short","button_text":"Shop now"}}},"block_order":["new_arrival_X6XkEY","new_arrival_TWDqX6","new_arrival_wGgUi9"],"custom_css":[".new-arrivals {background-color: var(--Taro-Purple); padding: 78px 0;}",".new-ar-product .cm-ar-pr {width: 100%; padding: 0 13px;}"],"settings":{"section_header":"Complete The Look","start_time":"16\/04\/25 12:20 PM","end_time":"16\/04\/25 12:27 PM"}},"shop_insta_nec8nw":{"type":"shop-insta","blocks":{"shop_instagram_CKqY6H":{"type":"shop_instagram","settings":{"image":"shopify:\/\/shop_images\/insta-img-8.png","button_look":"See it on Insta"}},"shop_instagram_iF6cDA":{"type":"shop_instagram","settings":{"image":"shopify:\/\/shop_images\/insta-img-2.png","button_look":"See It On Insta"}},"shop_instagram_Kr4pRN":{"type":"shop_instagram","settings":{"image":"shopify:\/\/shop_images\/ab-img-4_e3ad0312-7f0f-4712-8fe0-e4ab0cf91eab.png","button_look":"See it on Insta"}},"shop_instagram_M4hBxU":{"type":"shop_instagram","settings":{"image":"shopify:\/\/shop_images\/insta-img-4.png","button_look":"See it on Insta"}}},"block_order":["shop_instagram_CKqY6H","shop_instagram_iF6cDA","shop_instagram_Kr4pRN","shop_instagram_M4hBxU"],"settings":{"title":"Styled By You"}}},"order":["main","product_recommendation_gPAjyE","recently_viewed_qgz89p","new_arrival_HKpqaQ","shop_insta_nec8nw"]}